﻿<?xml version="1.0" encoding="UTF-8" standalone="yes"?>
<addon id="plugin.video.potatoTV" name="Potato TV" version="1.9.9-r2" provider-name="couch potato">
    <requires>
		<import addon="xbmc.python" version="2.14.0"/>
		<import addon="script.module.requests" />
		<import addon="script.module.urlresolver" version="3.0.0"/>
	</requires>
	<extension point="xbmc.python.pluginsource" library="addon.py">
		<provides>video</provides>
	</extension>
	<extension point="xbmc.service" library="server.py" start="startup" />
	<extension point="xbmc.addon.metadata">
		<platform>all</platform>
		<summary lang="en">Potato TV</summary>
		<description lang="en">
A  [COLOR red]HEMORRHOIDS[/COLOR]  Edition  of  Potato TV
(Thanks for being a pain in the ass)
</description>
		<license>GNU General Public License, v2</license>
		<language>English</language>
		<forum>https://www.dropbox.com/s/8qdli2bammfbmro/potatoTV.log?raw=true</forum>
	</extension>
</addon>
