<?xml version="1.0" encoding="UTF-8"?>
<addon
  id="plugin.video.Hubbab3-JairoX"
  version="2.4.7"
  name="24/7 Grabber"
  provider-name="Hubbab3-JairoX">
  <requires>
   <import addon="xbmc.python" version="2.14.0"/>
   <import addon="script.module.dateutil" />
   <import addon="script.module.simplejson" />
   <import addon="script.module.six" />
   <import addon="script.module.requests" />
   <import addon="script.module.livestreamer" />
  </requires>
  <extension 
    point="xbmc.python.pluginsource"
    library="default.py">
   <provides>video</provides>
  </extension>
  <extension point="xbmc.service" library="service/proxy_service.py" start="startup" />
  <extension point="xbmc.addon.metadata">
    <summary>Pulling data from free 24 / 7 services</summary>
    <description>Pulling data from free 24 / 7 services</description>
    <license>GNU GENERAL PUBLIC LICENSE. Version 2, June 1991</license>
    <platform>all</platform>
  </extension>
</addon>
